{"1": [[0.25]], "2": [[0.26666666666666666, -0.06666666666666667], [-0.06666666666666667, 0.26666666666666666]], "3": [[0.26785714285714285, -0.07142857142857142, 0.017857142857142856], [-0.07142857142857142, 0.2857142857142857, -0.07142857142857142], [0.017857142857142856, -0.07142857142857142, 0.26785714285714285]], "4": [[0.2679425837320574, -0.07177033492822966, 0.019138755980861243, -0.004784688995215311], [-0.07177033492822966, 0.28708133971291866, -0.07655502392344497, 0.019138755980861243], [0.019138755980861243, -0.07655502392344497, 0.28708133971291866, -0.07177033492822966], [-0.004784688995215311, 0.019138755980861243, -0.07177033492822966, 0.2679425837320574]], "5": [[0.26794871794871794, -0.07179487179487179, 0.01923076923076923, -0.005128205128205127, 0.0012820512820512818], [-0.07179487179487179, 0.28717948717948716, -0.07692307692307691, 0.02051282051282051, -0.005128205128205127], [0.01923076923076923, -0.07692307692307691, 0.28846153846153844, -0.07692307692307691, 0.01923076923076923], [-0.005128205128205128, 0.020512820512820513, -0.07692307692307693, 0.28717948717948716, -0.07179487179487179], [0.001282051282051282, -0.005128205128205128, 0.019230769230769232, -0.07179487179487179, 0.26794871794871794]], "6": [[0.2679491583648231, -0.07179663345929234, 0.019237375472346274, -0.005152868430092751, 0.0013740982480247338, -0.00034352456200618345], [-0.07179663345929234, 0.28718653383716936, -0.0769495018893851, 0.020611473720371004, -0.005496392992098935, 0.0013740982480247338], [0.019237375472346274, -0.0769495018893851, 0.2885606320851941, -0.07729302645139127, 0.020611473720371008, -0.005152868430092752], [-0.005152868430092751, 0.020611473720371004, -0.07729302645139129, 0.2885606320851941, -0.0769495018893851, 0.019237375472346274], [0.0013740982480247336, -0.005496392992098934, 0.020611473720371008, -0.0769495018893851, 0.28718653383716936, -0.07179663345929234], [-0.00034352456200618345, 0.0013740982480247338, -0.005152868430092752, 0.01923737547234627, -0.07179663345929234, 0.2679491583648231]], "7": [[0.26794918998527245, -0.07179675994108983, 0.01923784977908689, -0.005154639175257731, 0.0013807069219440352, -0.00036818851251840936, 9.204712812960234e-05], [-0.07179675994108983, 0.28718703976435933, -0.07695139911634756, 0.020618556701030924, -0.005522827687776141, 0.0014727540500736375, -0.00036818851251840936], [0.01923784977908689, -0.07695139911634756, 0.28856774668630336, -0.07731958762886597, 0.02071060382916053, -0.005522827687776141, 0.0013807069219440352], [-0.005154639175257732, 0.020618556701030927, -0.07731958762886598, 0.28865979381443296, -0.07731958762886598, 0.020618556701030927, -0.005154639175257732], [0.0013807069219440352, -0.005522827687776141, 0.02071060382916053, -0.07731958762886597, 0.28856774668630336, -0.07695139911634756, 0.01923784977908689], [-0.00036818851251840936, 0.0014727540500736375, -0.005522827687776141, 0.020618556701030924, -0.07695139911634756, 0.28718703976435933, -0.07179675994108983], [9.204712812960235e-05, -0.0003681885125184094, 0.0013807069219440354, -0.005154639175257731, 0.01923784977908689, -0.07179675994108983, 0.26794918998527245]], "8": [[0.26794919225551855, -0.07179676902207424, 0.019237883832778392, -0.00515476630903934, 0.0013811814033789615, -0.00036995930447650765, 9.865581452706867e-05, -2.466395363176717e-05], [-0.07179676902207424, 0.28718707608829697, -0.07695153533111357, 0.02061906523615736, -0.005524725613515846, 0.0014798372179060306, -0.0003946232581082747, 9.865581452706867e-05], [0.019237883832778396, -0.07695153533111358, 0.28856825749167586, -0.0773214946355901, 0.020717721050684423, -0.0055493895671476145, 0.0014798372179060301, -0.00036995930447650754], [-0.005154766309039339, 0.020619065236157356, -0.07732149463559009, 0.28866691330620303, -0.07734615858922185, 0.020717721050684427, -0.005524725613515846, 0.0013811814033789615], [0.0013811814033789615, -0.005524725613515846, 0.020717721050684423, -0.07734615858922185, 0.288666913306203, -0.07732149463559009, 0.020619065236157353, -0.005154766309039338], [-0.00036995930447650754, 0.0014798372179060301, -0.0055493895671476145, 0.020717721050684423, -0.07732149463559009, 0.2885682574916759, -0.07695153533111357, 0.019237883832778392], [9.865581452706869e-05, -0.00039462325810827475, 0.0014798372179060304, -0.005524725613515846, 0.020619065236157356, -0.07695153533111358, 0.2871870760882969, -0.07179676902207423], [-2.4663953631767172e-05, 9.865581452706869e-05, -0.0003699593044765076, 0.0013811814033789613, -0.005154766309039338, 0.019237883832778392, -0.07179676902207423, 0.26794919225551855]], "9": [[0.2679491924185149, -0.07179676967405958, 0.01923788627772344, -0.005154775436834175, 0.0013812154696132598, -0.0003700864416188638, 9.913029686219565e-05, -2.6434745829918836e-05, 6.608686457479709e-06], [-0.07179676967405958, 0.28718707869623833, -0.07695154511089376, 0.0206191017473367, -0.005524861878453039, 0.0014803457664754553, -0.0003965211874487826, 0.00010573898331967534, -2.6434745829918836e-05], [0.01923788627772344, -0.07695154511089376, 0.2885682941658516, -0.07732163155251262, 0.020718232044198898, -0.005551296624282958, 0.0014869544529329348, -0.00039652118744878256, 9.913029686219564e-05], [-0.005154775436834175, 0.0206191017473367, -0.07732163155251262, 0.2886674244627138, -0.07734806629834255, 0.020724840730656377, -0.005551296624282957, 0.001480345766475455, -0.00037008644161886376], [0.0013812154696132596, -0.0055248618784530384, 0.020718232044198894, -0.07734806629834255, 0.2886740331491713, -0.07734806629834255, 0.02071823204419889, -0.005524861878453038, 0.0013812154696132594], [-0.0003700864416188638, 0.0014803457664754553, -0.0055512966242829585, 0.020724840730656374, -0.07734806629834254, 0.2886674244627138, -0.0773216315525126, 0.020619101747336697, -0.005154775436834174], [9.913029686219567e-05, -0.00039652118744878267, 0.001486954452932935, -0.005551296624282956, 0.020718232044198894, -0.07732163155251262, 0.28856829416585156, -0.07695154511089375, 0.019237886277723437], [-2.6434745829918846e-05, 0.00010573898331967538, -0.00039652118744878267, 0.0014803457664754548, -0.005524861878453038, 0.0206191017473367, -0.07695154511089375, 0.28718707869623833, -0.07179676967405958], [6.6086864574797114e-06, -2.6434745829918846e-05, 9.913029686219567e-05, -0.00037008644161886376, 0.0013812154696132594, -0.005154775436834174, 0.019237886277723437, -0.07179676967405958, 0.2679491924185149]]}